FID,Shape *,FID_1,SDLEA10,NAME,NAME2,DISTRICT_N,Debt,Per-Pupil Debt
0,Polygon,1,40710,Socorro ISD,Socorro,71909,1114201052,27326
1,Polygon,2,13920,Chilton ISD,Chilton,73901,23236392,46288
2,Polygon,3,11250,Bremond ISD,Bremond,198901,6216988,13034
3,Polygon,4,30180,Memphis ISD,Memphis,96904,0,0
4,Polygon,5,34380,Patton Springs ISD,Patton Springs,63906,0,0
5,Polygon,6,2,Spur ISD,Spur,63903,1127875,8233
6,Polygon,7,40080,Sherman ISD,Sherman,91906,710033635,99472
7,Polygon,8,38400,S and S CISD,S and S Cons,91914,36492418,41897
8,Polygon,9,35580,Pottsboro ISD,Pottsboro,91913,106835022,87284
9,Polygon,10,44730,Waxahachie ISD,Waxahachie,70912,1028566675,96834
10,Polygon,11,36660,Red Oak ISD,Red Oak,70911,235075325,37793
11,Polygon,12,34110,Palmer ISD,Palmer,70910,20278525,15551
12,Polygon,13,30600,Midlothian ISD,Midlothian,70908,527707894,49499
13,Polygon,14,18540,Ennis ISD,Ennis,70903,227867000,35632
14,Polygon,15,16710,Denison ISD,Denison,91903,314915816,67304
15,Polygon,16,9780,Bells ISD,Bells,91901,68908585,68091
16,Polygon,17,45630,Whitesboro ISD,Whitesboro,91909,666030,379
17,Polygon,18,14580,Collinsville ISD,Collinsville,91902,39048693,60918
18,Polygon,19,18750,Evadale ISD,Evadale,121906,43060411,115135
19,Polygon,20,12090,Buna ISD,Buna,121903,19294679,15387
20,Polygon,21,39300,Santa Gertrudis ISD,Santa Gertrudis,137904,0,0
21,Polygon,22,37320,Riviera ISD,Riviera,137903,0,0
22,Polygon,23,36930,Ricardo ISD,Ricardo,137902,548205,867
23,Polygon,24,25680,Kingsville ISD,Kingsville,137901,66017322,32314
24,Polygon,25,8490,Apple Springs ISD,Apple Springs,228905,0,0
25,Polygon,26,43200,Trinity ISD,Trinity,228903,21618669,18914
26,Polygon,27,25470,Kennard ISD,Kennard,113906,0,0
27,Polygon,28,33840,Ore City ISD,Ore City,230903,9336898,13169
28,Polygon,29,24730,Jefferson ISD,Jefferson,155901,4483575,4976
29,Polygon,30,9090,Avinger ISD,Avinger,34902,0,0
30,Polygon,31,34550,Pecos-Barstow-Toyah ISD,Pecos-Barstow-Toyah,195901,556263200,205947
31,Polygon,32,9330,Balmorhea ISD,Balmorhea,195902,105084285,633038
32,Polygon,33,42420,Terrell County ISD,Terrell County,222901,7057957,83035
33,Polygon,34,17100,Dilley ISD,Dilley,82902,29636997,44103
34,Polygon,35,41250,Springlake-Earth ISD,Springlake-Earth,140907,0,0
35,Polygon,36,35490,Post ISD,Post,85902,39793150,81711
36,Polygon,37,42090,Tahoka ISD,Tahoka,153904,14258398,28574
37,Polygon,38,33390,O'Donnell ISD,O'Donnell,153903,12493591,62157
38,Polygon,39,16350,Dawson ISD (Dawson),Dawson (Dawson),58902,0,0
39,Polygon,40,40290,Silverton ISD,Silverton,23902,5693575,28047
40,Polygon,41,32220,Nazareth ISD,Nazareth,35903,115250,539
41,Polygon,42,22650,Hart ISD,Hart,35902,1603053,8665
42,Polygon,43,17160,Dimmitt ISD,Dimmitt,35901,38992758,42849
43,Polygon,44,41400,Stamford ISD,Stamford,127906,8636060,18105
44,Polygon,45,33960,Paint Creek ISD,Paint Creek,104907,7706460,79448
45,Polygon,46,30340,Merkel ISD,Merkel,221904,9754834,9784
46,Polygon,47,8400,Anson ISD,Anson,127901,3714200,6539
47,Polygon,48,43110,Trent ISD,Trent,221905,2565723,17336
48,Polygon,49,37470,Roby CISD,Roby Cons,76903,10472000,43273
49,Polygon,50,22260,HAMLIN COLLEGIATE ISD,Hamlin,127903,0,0
50,Polygon,51,9750,Bellevue ISD,Bellevue,39904,5328118,26774
51,Polygon,52,20970,Gold Burg ISD,Gold-Burg,169906,0,0
52,Polygon,53,33270,Nursery ISD,Nursery,235904,1805600,16565
53,Polygon,54,44150,Victoria ISD,Victoria,235902,128852075,12150
54,Polygon,55,24150,Industrial ISD,Industrial,120905,15232750,14689
55,Polygon,56,10500,Bloomington ISD,Bloomington,235901,9013664,12749
56,Polygon,57,43950,Van Vleck ISD,Van Vleck,158906,86718327,105625
57,Polygon,58,42810,Tidehaven ISD,Tidehaven,158902,43400309,46567
58,Polygon,59,29370,Matagorda ISD,Matagorda,158904,4190431,28506
59,Polygon,60,9630,Bay City ISD,Bay City,158901,177568853,61231
60,Polygon,61,34020,Palacios ISD,Palacios,158905,170774178,160351
61,Polygon,62,33570,Olfen ISD,Olfen,200906,506600,3989
62,Polygon,63,46260,Winters ISD,Winters,200904,2484043,6073
63,Polygon,64,30750,Miles ISD,Miles,200902,8973488,20917
64,Polygon,65,9300,Ballinger ISD,Ballinger,200901,0,0
65,Polygon,66,7,Panther Creek CISD,Panther Creek Cons,42905,498300,3215
66,Polygon,67,11490,Bronte ISD,Bronte,41901,0,0
67,Polygon,68,34230,Panhandle ISD,Panhandle,33902,8590400,20901
68,Polygon,69,39150,Sanford-Fritch ISD,Sanford-Fritch,117903,8431181,11287
69,Polygon,70,42210,Tarkington ISD,Tarkington,146907,6727485,3717
70,Polygon,71,19350,Floresville ISD,Floresville,247901,56499919,15111
71,Polygon,72,26610,Lamesa ISD,Lamesa,58906,29926750,25149
72,Polygon,73,25790,Klondike ISD,Klondike,58905,5785900,26420
73,Polygon,74,35730,Prairie Valley ISD,Prairie Valley,169909,0,0
74,Polygon,75,32790,Nocona ISD,Nocona,169902,33725635,57065
75,Polygon,76,31200,Montague ISD,Montague,169908,0,0
76,Polygon,77,38520,Saint Jo ISD,Saint Jo,169911,7978291,31165
77,Polygon,78,36510,Rankin ISD,Rankin,231902,94831226,361951
78,Polygon,79,29700,McCamey ISD,McCamey,231901,86187775,207182
79,Polygon,80,15570,Cranfills Gap ISD,Cranfills Gap,18908,0,0
80,Polygon,81,24900,Jonesboro ISD,Jonesboro,50909,453588,1874
81,Polygon,82,18780,Evant ISD,Evant,50901,0,0
82,Polygon,83,23070,Hico ISD,Hico,97903,2932346,4707
83,Polygon,84,22230,Hamilton ISD,Hamilton,97902,0,0
84,Polygon,85,42030,Sweetwater ISD,Sweetwater,177902,74276525,57803
85,Polygon,86,38040,Rotan ISD,Rotan,76904,15825900,48103
86,Polygon,87,37860,Roscoe Collegiate ISD,Roscoe Collegiate,177901,2402743,169
87,Polygon,88,23040,Hermleigh ISD,Hermleigh,208901,2688261,10379
88,Polygon,89,35890,Pringle-Morse CISD,Pringle-Morse Cons,98903,634650,5519
89,Polygon,90,41580,Plemons-Stinnett-Phillips CISD,Plemons-Stinnett-Phillips Cons,117904,9573750,19904
90,Polygon,91,41130,Spring Creek ISD,Spring Creek,117907,0,0
91,Polygon,92,10890,Borger ISD,Borger,117901,94182257,50964
92,Polygon,93,41010,Spearman ISD,Spearman,98904,8564855,15432
93,Polygon,94,45380,Wharton ISD,Wharton,241904,86964243,59524
94,Polygon,95,28350,Louise ISD,Louise,241906,860475,1965
95,Polygon,96,18280,El Campo ISD,El Campo,241903,24972619,8509
96,Polygon,97,35800,Presidio ISD,Presidio,189902,1291975,1344
97,Polygon,98,29040,Marfa ISD,Marfa,189901,4035925,25871
98,Polygon,99,23760,Huckabay ISD,Huckabay,72908,10858908,34473
99,Polygon,100,36480,Ranger ISD,Ranger,67907,0,0
100,Polygon,101,17960,Eastland ISD,Eastland,67903,10931856,11224
101,Polygon,102,15810,Cross Plains ISD,Cross Plains,30901,2287520,7702
102,Polygon,103,14070,Cisco ISD,Cisco,67902,0,0
103,Polygon,104,37230,Rising Star ISD,Rising Star,67908,0,0
104,Polygon,105,27600,Lingleville ISD,Lingleville,72909,9417551,45277
105,Polygon,106,21270,Gorman ISD,Gorman,67904,3802000,18546
106,Polygon,107,16440,De Leon ISD,De Leon,47902,871593,2065
107,Polygon,108,39960,Shelbyville ISD,Shelbyville,210903,158100,194
108,Polygon,109,27270,Leveretts Chapel ISD,Leveretts Chapel,201904,344920,2197
109,Polygon,110,33870,Overton ISD,Overton,201908,7961320,17307
110,Polygon,111,31650,Mount Enterprise ISD,Mount Enterprise,201907,18289244,40196
111,Polygon,112,26700,Laneville ISD,Laneville,201903,126760,1219
112,Polygon,113,22970,Henderson ISD,Henderson,201902,37093219,13836
113,Polygon,114,20400,Garrison ISD,Garrison,174903,17552464,24311
114,Polygon,115,16080,Cushing ISD,Cushing,174902,8810225,18947
115,Polygon,116,25620,Kilgore ISD,Kilgore,92902,195657783,62993
116,Polygon,117,42240,Tatum ISD,Tatum,201910,11293675,10267
117,Polygon,118,38360,Rusk ISD,Rusk,37907,4940538,2673
118,Polygon,119,45540,White Settlement ISD,White Settlement,220920,512433774,88964
119,Polygon,120,26490,Lake Worth ISD,Lake Worth,220910,110385730,43769
120,Polygon,121,25500,Kennedale ISD,Kennedale,220914,93862866,38996
121,Polygon,122,24060,Hurst-Euless-Bedford ISD,Hurst-Euless-Bedford,220916,1354648450,62363
122,Polygon,123,18810,Everman ISD,Everman,220904,146779652,36750
123,Polygon,124,13170,Castleberry ISD,Castleberry,220917,47165602,14598
124,Polygon,125,10230,Birdville ISD,Birdville,220902,932478369,48635
125,Polygon,126,8700,Arlington ISD,Arlington,220901,1695774358,37464
126,Polygon,127,42000,Sweet Home ISD,Sweet Home,143905,0,0
127,Polygon,128,18890,Ezzell ISD,Ezzell,143906,4451088,24457
128,Polygon,129,40110,Shiner ISD,Shiner,143903,9961497,15737
129,Polygon,130,31560,Moulton ISD,Moulton,143902,16184550,71298
130,Polygon,131,44890,Wellington ISD,Wellington,44902,157713,317
131,Polygon,132,44710,Water Valley ISD,Water Valley,226905,27659553,113825
132,Polygon,133,37380,Robert Lee ISD,Robert Lee,41902,13161747,63892
133,Polygon,134,5,Blackwell CISD,Blackwell Cons,177903,6944075,28459
134,Polygon,135,22740,Haskell CISD,Haskell Cons,104901,42021579,92559
135,Polygon,136,38280,Rule ISD,Rule,104903,0,0
136,Polygon,137,25870,Knox City-O'Brien CISD,Knox City-O'Brien Cons,138902,0,0
137,Polygon,138,30210,Menard ISD,Menard,164901,0,0
138,Polygon,139,18070,Eden CISD,Eden Cons,48901,20402450,92319
139,Polygon,140,41910,SUNRAY COLLEGIATE ISD,Sunray,171902,18097424,37314
140,Polygon,141,17610,Dumas ISD,Dumas,171901,135862559,33251
141,Polygon,142,15690,CROCKETT COUNTY CONSOLIDATED CSD,Crockett County Cons CSD,53001,74505524,157851
142,Polygon,143,39570,Scurry-Rosser ISD,Scurry-Rosser,129910,9300113,9790
143,Polygon,144,25320,Kemp ISD,Kemp,129904,16565424,7543
144,Polygon,145,25200,Kaufman ISD,Kaufman,129903,286803545,71881
145,Polygon,146,30000,Meadow ISD,Meadow,223902,636000,3741
146,Polygon,147,44910,Wellman-Union CISD,Wellman-Union Cons,223904,24510059,111409
147,Polygon,148,28140,Loop ISD,Loop,83902,0,0
148,Polygon,149,28410,Lovelady ISD,Lovelady,113903,9368000,20911
149,Polygon,150,26910,Latexo ISD,Latexo,113905,5898325,12963
150,Polygon,151,21630,Grapeland ISD,Grapeland,113902,10818679,21856
151,Polygon,152,15720,Crockett ISD,Crockett,113901,0,0
152,Polygon,153,31170,Monahans-Wickett-Pyote ISD,Monahans-Wickett-Pyote,238902,165812425,82004
153,Polygon,154,21480,Grandfalls-Royalty ISD,Grandfalls-Royalty,238904,11358075,75219
154,Polygon,155,27960,Lometa ISD,Lometa,141902,6211280,14181
155,Polygon,156,21300,Grady ISD,Grady,156905,0,0
156,Polygon,157,12700,Canadian ISD,Canadian,106901,21666846,32829
157,Polygon,158,10830,Booker ISD,Booker,148901,6186317,23794
158,Polygon,159,32700,Newcastle ISD,Newcastle,252902,26291415,131457
159,Polygon,160,21360,Graham ISD,Graham,252901,14088973,8102
160,Polygon,161,22680,Hartley ISD,Hartley,103902,4212950,16988
161,Polygon,162,13620,Channing ISD,Channing,103901,0,0
162,Polygon,163,16200,Dalhart ISD,Dalhart,56901,59085838,34695
163,Polygon,164,42720,Three Way ISD,Three Way,72901,0,0
164,Polygon,165,41520,Stephenville ISD,Stephenville,72903,155053635,47374
165,Polygon,166,39390,Santo ISD,Santo,182904,24415656,50135
166,Polygon,167,31410,Morgan Mill ISD,Morgan Mill,72910,0,0
167,Polygon,168,21180,Gordon ISD,Gordon,182901,15769459,78067
168,Polygon,169,24360,Iredell ISD,Iredell,18906,6190600,54784
169,Polygon,170,17580,Dublin ISD,Dublin,72902,5108706,4722
170,Polygon,171,32740,Nixon-Smiley CISD,Nixon-Smiley Cons,89903,43001582,53819
171,Polygon,172,41820,Sulphur Springs ISD,Sulphur Springs,112901,153453471,40393
172,Polygon,173,42510,Texas City ISD,Texas City,84906,468274992,68733
173,Polygon,174,23160,High Island ISD,High Island,84903,10577054,70047
174,Polygon,175,32970,North Hopkins ISD,North Hopkins,112906,4588863,11031
175,Polygon,176,46590,Yantis ISD,Yantis,250905,0,0
176,Polygon,177,14880,Como-Pickton CISD,Como-Pickton Cons,112908,18256037,25285
177,Polygon,178,44280,Waco ISD,Waco,161914,720525809,64621
178,Polygon,179,30640,Midway ISD (McLennan),Midway (McLennan),161903,211151453,25379
179,Polygon,180,29820,McGregor ISD,McGregor,161909,30847520,19761
180,Polygon,181,22140,Hallsburg ISD,Hallsburg,161924,2522124,21374
181,Polygon,182,10910,Bosqueville ISD,Bosqueville,161923,39418018,58053
182,Polygon,183,33420,Oglesby ISD,Oglesby,50904,1149110,5085
183,Polygon,184,15600,Crawford ISD,Crawford,161901,17576350,30356
184,Polygon,185,37500,Rochelle ISD,Rochelle,160904,0,0
185,Polygon,186,27930,Lohn ISD,Lohn,160905,684968,10703
186,Polygon,187,11110,Brady ISD,Brady,160901,15020250,16839
187,Polygon,188,33030,North Zulch ISD,North Zulch,154903,8515933,25195
188,Polygon,189,32910,Normangee ISD,Normangee,145906,55748840,97463
189,Polygon,190,40230,Silsbee ISD,Silsbee,100904,28647619,13648
190,Polygon,191,15540,Crane ISD,Crane,52901,60027260,52563
191,Polygon,192,36960,Rice ISD,Rice,175911,31885232,28242
192,Polygon,193,30720,Mildred ISD,Mildred,175910,42346967,53468
193,Polygon,194,25530,Kerens ISD,Kerens,175907,20640740,28470
194,Polygon,195,22850,Hedley ISD,Hedley,65902,0,0
195,Polygon,196,24660,Jayton-Girard ISD,Jayton-Girard,132902,0,0
196,Polygon,197,40650,Snyder ISD,Snyder,208902,9278425,5002
197,Polygon,198,40800,Sonora ISD,Sonora,218901,0,0
198,Polygon,199,40200,Sierra Blanca ISD,Sierra Blanca,115902,10554800,167537
199,Polygon,200,20130,Fort Hancock ISD,Fort Hancock,115901,0,0
200,Polygon,201,16650,Dell City ISD,Dell City,115903,0,0
201,Polygon,202,15990,CULBERSON COUNTY-ALLAMOORE ISD,Culberson County-Allamore,55901,8636250,18297
202,Polygon,203,26250,La Pryor ISD,La Pryor,254902,2414738,7407
203,Polygon,204,15930,Crystal City ISD,Crystal City,254901,46369074,37006
204,Polygon,205,46770,Zephyr ISD,Zephyr,25906,3881646,23814
205,Polygon,206,40170,Sidney ISD,Sidney,47905,1056138,5501
206,Polygon,207,35820,Priddy ISD,Priddy,167904,2520100,24707
207,Polygon,208,31920,Mullin ISD,Mullin,167902,320000,1280
208,Polygon,209,29520,May ISD,May,25905,740723,3011
209,Polygon,210,21990,Gustine ISD,Gustine,47903,1559161,15437
210,Polygon,211,14760,Comanche ISD,Comanche,47901,55776591,45644
211,Polygon,212,10380,Blanket ISD,Blanket,25904,515687,4125
212,Polygon,213,44670,Waskom ISD,Waskom,102903,16062575,24191
213,Polygon,214,32460,New Diana ISD,New Diana,230906,9156365,8541
214,Polygon,215,29160,Marshall ISD,Marshall,102902,157151352,38181
215,Polygon,216,25110,Karnack ISD,Karnack,102901,679478,6410
216,Polygon,217,22500,Harleton ISD,Harleton,102905,303420,420
217,Polygon,218,22170,Hallsville ISD,Hallsville,102904,89933930,3242
218,Polygon,219,18480,Elysian Fields ISD,Elysian Fields,102906,2811800,4306
219,Polygon,220,45210,Westbrook ISD,Westbrook,168903,0,0
220,Polygon,221,28170,Loraine ISD,Loraine,168902,5743550,54700
221,Polygon,222,24300,Ira ISD,Ira,208903,9802950,51057
222,Polygon,223,14640,Colorado ISD,Colorado,168901,34011478,46719
223,Polygon,224,30570,Midland ISD,Midland,165901,1711583311,61561
224,Polygon,225,21750,Greenwood ISD,Greenwood,165902,540390062,165917
225,Polygon,226,34260,Paradise ISD,Paradise,249906,118836870,97969
226,Polygon,227,13800,Chico ISD,Chico,249904,32505384,61331
227,Polygon,228,11340,Bridgeport ISD,Bridgeport,249903,8932453,4270
228,Polygon,229,41280,Springtown ISD,Springtown,184902,55353238,14628
229,Polygon,230,35340,Poolville ISD,Poolville,184901,978540,1315
230,Polygon,231,43740,Valentine ISD,Valentine,122902,0,0
231,Polygon,232,20100,Fort Davis ISD,Fort Davis,122901,0,0
232,Polygon,233,42990,Tornillo ISD,Tornillo,71908,17232362,32699
233,Polygon,234,38850,San Elizario ISD,San Elizario,71904,34747679,13938
234,Polygon,235,18900,Fabens ISD,Fabens,71903,25856531,16543
235,Polygon,236,14430,Clint ISD,Clint,71901,191815189,21772
236,Polygon,237,12780,Canutillo ISD,Canutillo,71907,297037913,61652
237,Polygon,238,8430,Anthony ISD,Anthony,71906,3036731,4970
238,Polygon,239,26670,Lancaster ISD,Lancaster,57913,256895916,45525
239,Polygon,240,23250,Highland Park ISD (Dallas),Highland Park (Dallas),57911,409501319,74727
240,Polygon,241,21420,Grand Prairie ISD,Grand Prairie,57910,444380232,20002
241,Polygon,242,17640,Duncanville ISD,Duncanville,57907,554888802,54782
242,Polygon,243,16860,DeSoto ISD,DeSoto,57906,181820738,40531
243,Polygon,244,13230,Cedar Hill ISD,Cedar Hill,57904,604705809,133519
244,Polygon,245,19170,Ferris ISD,Ferris,70905,29234613,9661
245,Polygon,246,14490,Coahoma ISD,Coahoma,114902,20663125,21479
246,Polygon,247,10200,Big Spring ISD,Big Spring,114901,51492155,18195
247,Polygon,248,19620,Forsan ISD,Forsan,114904,14225700,21620
248,Polygon,249,10860,Borden County ISD,Borden County,17901,7067313,26974
249,Polygon,250,41430,Stanton ISD,Stanton,156902,4765250,5734
250,Polygon,251,39120,SANDS CISD,Sands Consolidated,58909,143160075,591571
251,Polygon,252,44110,Vernon ISD,Vernon,244903,57359963,37368
252,Polygon,253,15870,Crowell ISD,Crowell,78901,2677500,20756
253,Polygon,254,43400,Turkey-Quitaque ISD,Turkey-Quitaque,96905,2475269,13526
254,Polygon,255,35070,Plainview ISD,Plainview,95905,101177500,32882
255,Polygon,256,31500,Motley County ISD,Motley County,173901,0,0
256,Polygon,257,27890,Lockney ISD,Lockney,77902,4017400,12633
257,Polygon,258,19440,FLOYDADA COLLEGIATE ISD,Floydada,77901,38901725,61651
258,Polygon,259,12660,Campbell ISD,Campbell,116910,1351084,7000
259,Polygon,260,10740,Boles ISD,Boles,116916,2536208,5155
260,Polygon,261,16020,CUMBY COLLEGIATE ISD,Cumby,112905,1003483,2669
261,Polygon,262,28020,Lone Oak ISD,Lone Oak,116906,70770604,57961
262,Polygon,263,42450,Terrell ISD,Terrell,129906,87927793,18133
263,Polygon,264,36240,Quinlan ISD,Quinlan,116908,50601000,17317
264,Polygon,265,46350,Wolfe City ISD,Wolfe City,116909,7301948,11535
265,Polygon,266,19050,Fannindel ISD,Fannindel,60914,717200,6641
266,Polygon,267,14820,Commerce ISD,Commerce,116903,125311231,82333
267,Polygon,268,27210,Leonard ISD,Leonard,74909,67706075,88737
268,Polygon,269,42390,Terlingua CSD,Terlingua CSD,22004,0,0
269,Polygon,270,39060,San Vicente ISD,San Vicente,22903,0,0
270,Polygon,271,28980,Marathon ISD,Marathon,22902,0,0
271,Polygon,272,7950,Alpine ISD,Alpine,22901,27513350,38534
272,Polygon,273,46200,Winnsboro ISD,Winnsboro,250907,42956128,34924
273,Polygon,274,41790,Sulphur Bluff ISD,Sulphur Bluff,112910,167260,800
274,Polygon,275,38610,Saltillo ISD,Saltillo,112909,0,0
275,Polygon,276,17010,Deweyville ISD,Deweyville,176903,10016650,24611
276,Polygon,277,11070,Brackett ISD,Brackett,136901,1031912,2132
277,Polygon,278,39210,Santa Anna ISD,Santa Anna,42903,720975,3835
278,Polygon,279,9390,Bangs ISD,Bangs,25901,5804956,8972
279,Polygon,280,41970,Sweeny ISD,Sweeny,20906,113443117,62400
280,Polygon,281,45840,Wildorado ISD,Wildorado,180904,12567709,77578
281,Polygon,282,12810,Canyon ISD,Canyon,191901,285249923,25756
282,Polygon,283,13410,Centerville ISD (Leon),Centerville (Leon),145902,57772310,111745
283,Polygon,284,44410,Wall ISD,Wall,226906,20406850,15710
284,Polygon,285,44040,Veribest ISD,Veribest,226908,25600305,132644
285,Polygon,286,38700,San Angelo ISD,San Angelo,226903,83272301,7796
286,Polygon,287,21600,Grape Creek ISD,Grape Creek,226907,13415269,11737
287,Polygon,288,14010,Christoval ISD,Christoval,226901,35319598,56602
288,Polygon,289,37740,Roma ISD,Roma,214903,71645944,13898
289,Polygon,290,27750,Littlefield ISD,Littlefield,140904,72173119,68671
290,Polygon,291,8160,Amherst ISD,Amherst,140901,0,0
291,Polygon,292,42570,Texline ISD,Texline,56902,1713100,7752
292,Polygon,293,25290,Kelton ISD,Kelton,242905,7189000,79000
293,Polygon,294,39900,Shamrock ISD,Shamrock,242902,1931136,7100
294,Polygon,295,38160,Roxton ISD,Roxton,139908,0,0
295,Polygon,296,20310,Ganado ISD,Ganado,120902,31779050,52441
296,Polygon,297,18210,Edna ISD,Edna,120901,12565669,9879
297,Polygon,298,32130,Natalia ISD,Natalia,163903,13655299,10353
298,Polygon,299,39750,Seminole ISD,Seminole,83903,35457541,13305
299,Polygon,300,39000,San Perlita ISD,San Perlita,245904,19993352,118304
300,Polygon,301,46320,Woden ISD,Woden,174906,10103050,12597
301,Polygon,302,32090,Nacogdoches ISD,Nacogdoches,174904,137516713,28111
302,Polygon,303,29250,Martinsville ISD,Martinsville,174909,3534831,13390
303,Polygon,304,17460,Douglass ISD,Douglass,174911,13838721,38764
304,Polygon,305,13440,Central Heights ISD,Central Heights,174908,13163450,14185
305,Polygon,306,37590,Rockdale ISD,Rockdale,166904,69303063,49822
306,Polygon,307,30690,Milano ISD,Milano,166903,7288973,19753
307,Polygon,308,20520,Gause ISD,Gause,166902,0,0
308,Polygon,309,12640,Cameron ISD,Cameron,166901,38998210,31783
309,Polygon,310,11850,Buckholts ISD,Buckholts,166907,91818,1032
310,Polygon,311,46230,Winona ISD,Winona,212910,50182534,43112
311,Polygon,312,13650,Chapel Hill ISD (Smith),Chapel Hill (Smith),212909,181695522,65903
312,Polygon,313,44010,Venus ISD,Venus,126908,38328700,18579
313,Polygon,314,28920,Mansfield ISD,Mansfield,220908,1463517897,44955
314,Polygon,315,12180,Burleson ISD,Burleson,126902,377580731,33634
315,Polygon,316,36570,Reagan County ISD,Reagan County,192901,95557450,127410
316,Polygon,317,42480,Texarkana ISD,Texarkana,19907,291717275,42125
317,Polygon,318,40320,Simms ISD,Simms,19909,858525,1687
318,Polygon,319,36750,Redwater ISD,Redwater,19906,5299150,4929
319,Polygon,320,36630,Red Lick ISD,Red Lick,19911,3511119,7683
320,Polygon,321,35130,Pleasant Grove ISD,Pleasant Grove,19912,127515189,62784
321,Polygon,322,32340,New Boston ISD,New Boston,19905,32989777,34472
322,Polygon,323,29460,Maud ISD,Maud,19903,12604486,35110
323,Polygon,324,28830,Malta ISD,Malta,19910,533500,3705
324,Polygon,325,27390,Liberty-Eylau ISD,Liberty-Eylau,19908,30551700,18483
325,Polygon,326,27060,Leary ISD,Leary,19914,0,0
326,Polygon,327,23700,Hubbard ISD (Bowie),Hubbard (Bowie),19913,0,0
327,Polygon,328,23490,Hooks ISD,Hooks,19902,24265981,33424
328,Polygon,329,16570,DeKalb ISD,De Kalb,19901,332240,313
329,Polygon,330,11040,Boys Ranch ISD,Boys Ranch,180901,0,0
330,Polygon,331,43980,Vega ISD,Vega,180902,16070740,58227
331,Polygon,332,7500,Adrian ISD,Adrian,180903,2417450,24668
332,Polygon,333,22020,Guthrie CSD,Guthrie CSD,135001,544253,9225
333,Polygon,334,11220,Breckenridge ISD,Breckenridge,215901,4953250,4030
334,Polygon,335,44370,Walcott ISD,Walcott,59902,977605,8285
335,Polygon,336,17790,Early ISD,Early,25909,18269025,20412
336,Polygon,337,11700,Brownwood ISD,Brownwood,25902,98319613,36081
337,Polygon,338,38900,San Felipe-Del Rio CISD,San Felipe-Del Rio Cons,233901,61443688,7648
338,Polygon,339,14920,Comstock ISD,Comstock,233903,0,0
339,Polygon,340,34500,Peaster ISD,Peaster,184908,61375306,42563
340,Polygon,341,20370,Garner ISD,Garner,184911,314225,623
341,Polygon,342,32640,New Waverly ISD,New Waverly,236901,40427400,40427
342,Polygon,343,24030,Huntsville ISD,Huntsville,236902,170566050,17412
343,Polygon,344,38310,Runge ISD,Runge,128903,6930591,68620
344,Polygon,345,25440,Kenedy ISD,Kenedy,128902,24140652,32317
345,Polygon,346,41700,Strawn ISD,Strawn,182905,0,0
346,Polygon,347,34140,Palo Pinto ISD,Palo Pinto,182906,2143400,19664
347,Polygon,348,30950,Mineral Wells ISD,Mineral Wells,182903,52797996,18088
348,Polygon,349,30870,Millsap ISD,Millsap,184904,17697050,18988
349,Polygon,350,20790,Glasscock County ISD,Glasscock,87901,6717750,28708
350,Polygon,351,42840,Timpson ISD,Timpson,210905,9004400,11974
351,Polygon,352,18840,Excelsior ISD,Excelsior,210906,0,0
352,Polygon,353,13320,Center ISD,Center,210901,67132772,35111
353,Polygon,354,36300,Quitman ISD,Quitman,250904,11640575,10778
354,Polygon,355,30930,Mineola ISD,Mineola,250903,49913661,30343
355,Polygon,356,22770,Hawkins ISD,Hawkins,250902,28482081,37280
356,Polygon,357,36390,Ralls ISD,Ralls,54903,0,0
357,Polygon,358,1,Crosbyton ISD,Crosbyton Cons,54901,8761981,26312
358,Polygon,359,45120,West Oso ISD,West Oso,178915,35752363,24011
359,Polygon,360,37440,Robstown ISD,Robstown,178909,59703281,26966
360,Polygon,361,19380,Flour Bluff ISD,Flour Bluff,178914,60596947,12023
361,Polygon,362,17550,Driscoll ISD,Driscoll,178905,8567567,19741
362,Polygon,363,12420,Calallen ISD,Calallen,178903,209698886,66592
363,Polygon,364,10260,Bishop CISD,Bishop Cons,178902,36154535,31770
364,Polygon,365,9410,Banquete ISD,Banquete,178913,78927677,123517
365,Polygon,366,7530,Agua Dulce ISD,Agua Dulce,178901,5504000,14756
366,Polygon,367,46380,Woodsboro ISD,Woodsboro,196902,64550088,198006
367,Polygon,368,9000,Austwell-Tivoli ISD,Austwell-Tivoli,196901,14961175,122633
368,Polygon,369,41550,Sterling City ISD,Sterling City,216901,4120275,11509
369,Polygon,370,45900,Willis ISD,Willis,170904,573115816,66922
370,Polygon,371,41070,Splendora ISD,Splendora,170907,343355339,61732
371,Polygon,372,31260,Montgomery ISD,Montgomery,170903,826614745,92983
372,Polygon,373,36990,Richards ISD,Richards,93905,9441292,42338
373,Polygon,374,24330,IRAAN-SHEFFIELD COLLEGIATE ISD,Iraan-Sheffield,186903,10973981,37074
374,Polygon,375,20190,Fort Stockton ISD,Fort Stockton,186902,87322180,8867
375,Polygon,376,11910,Buena Vista ISD,Buena Vista,186901,92939125,411235
376,Polygon,377,36360,Rains ISD,Rains,190903,9552975,7113
377,Polygon,378,30810,Miller Grove ISD,Miller Grove,112907,3923343,12948
378,Polygon,379,7650,Alba-Golden ISD,Alba-Golden,250906,1412744,1959
379,Polygon,380,34630,Perrin-Whitt CISD,Perrin-Whitt Cons,119903,2292983,7469
380,Polygon,381,30660,Midway ISD (Clay),Midway (Clay),39905,2762600,17159
381,Polygon,382,21330,Graford ISD,Graford,182902,6712600,20465
382,Polygon,383,11820,Bryson ISD,Bryson,119901,12299350,54908
383,Polygon,384,10990,Bowie ISD,Bowie,169901,22795167,18639
384,Polygon,385,43320,Tulia ISD,Tulia,219903,15505600,21566
385,Polygon,386,25950,Kress ISD,Kress,219905,2030700,10918
386,Polygon,387,20700,Gilmer ISD,Gilmer,230902,54362888,19015
387,Polygon,388,45090,West Orange-Cove CISD,West Orange-Cove Cons,181906,95745931,48454
388,Polygon,389,33780,Orangefield ISD,Orangefield,181905,67860241,42572
389,Polygon,390,27690,Little Cypress-Mauriceville CISD,Little Cypress-Mauriceville Cons,181908,75410252,27592
390,Polygon,391,11310,Bridge City ISD,Bridge City,181901,147225274,49907
391,Polygon,392,44160,Vidor ISD,Vidor,181907,9874875,2529
392,Polygon,393,44820,Weimar ISD,Weimar,45905,17262638,26275
393,Polygon,394,22120,Hallettsville ISD,Hallettsville,143901,39467712,38244
394,Polygon,395,45570,Whiteface CISD,Whiteface Cons,40902,4113662,14333
395,Polygon,396,31470,Morton ISD,Morton,40901,0,0
396,Polygon,397,26970,Lazbuddie ISD,Lazbuddie,185904,5219555,46603
397,Polygon,398,23010,Hereford ISD,Hereford,59901,18461113,5362
398,Polygon,399,19980,Friona ISD,Friona,185903,18407326,22923
399,Polygon,400,10950,Bovina ISD,Bovina,185901,26854385,64866
400,Polygon,401,16980,Dew ISD,Dew,81906,0,0
401,Polygon,402,46470,Wortham ISD,Wortham,81905,6459100,14580
402,Polygon,403,42300,Teague ISD,Teague,81904,2060400,1745
403,Polygon,404,33340,Oakwood ISD,Oakwood,145907,6530146,32981
404,Polygon,405,30420,Mexia ISD,Mexia,147903,13758475,8648
405,Polygon,406,18940,Fairfield ISD,Fairfield,81902,7173949,5248
406,Polygon,407,15330,Corsicana ISD,Corsicana,175903,101316942,18773
407,Polygon,408,11990,Buffalo ISD,Buffalo,145901,7587925,9164
408,Polygon,409,25560,Kermit ISD,Kermit,248901,129228130,116004
409,Polygon,410,46170,Wink-Loving ISD,Wink-Loving,248902,71083209,172114
410,Polygon,411,45450,White Deer ISD,White Deer,33904,9780272,43858
411,Polygon,412,45420,Wheeler ISD,Wheeler,242903,4529900,13017
412,Polygon,413,34170,Pampa ISD,Pampa,90904,36873891,14791
413,Polygon,414,39510,Schleicher ISD,Schleicher,207901,0,0
414,Polygon,415,18330,Electra ISD,Electra,243902,13293753,35169
415,Polygon,416,30480,Miami ISD,Miami,197902,17602856,115051
416,Polygon,417,27090,Lefors ISD,Lefors,90902,1248440,7258
417,Polygon,418,21560,Grandview-Hopkins ISD,Grandview-Hopkins,90905,0,0
418,Polygon,419,11400,Fort Elliott CISD,Fort Elliott Cons,242906,1849250,11558
419,Polygon,420,29880,McLean ISD,McLean,90903,477100,3078
420,Polygon,421,13890,Chillicothe ISD,Chillicothe,99902,10753250,59740
421,Polygon,422,36180,Quanah ISD,Quanah,99903,0,0
422,Polygon,423,13860,Childress ISD,Childress,38901,0,0
423,Polygon,424,35040,Plains ISD,Plains,251902,8599600,23242
424,Polygon,425,16770,Denver City ISD,Denver City,251901,81938444,67218
425,Polygon,426,11610,Brownfield ISD,Brownfield,223901,53742350,34517
426,Polygon,427,39600,Seagraves ISD,Seagraves,83901,5811675,12498
427,Polygon,428,38430,Sabinal ISD,Sabinal,232902,9006713,17287
428,Polygon,429,25800,Knippa ISD,Knippa,232901,3136600,9534
429,Polygon,430,43720,Uvalde CISD,Uvalde Cons,232903,5236736,2227
430,Polygon,431,33240,Nueces Canyon CISD,Nueces Canyon Cons,69902,0,0
431,Polygon,432,24240,Iola ISD,Iola,93903,9034400,14572
432,Polygon,433,8230,Anderson-Shiro CISD,Anderson-Shiro Cons,93901,26556749,27808
433,Polygon,434,28710,Madisonville CISD,Madisonville Cons,154901,21517875,10013
434,Polygon,435,39540,Schulenburg ISD,Schulenburg,75903,38291500,68013
435,Polygon,436,26100,La Grange ISD,La Grange,75902,43645158,22935
436,Polygon,437,19280,Flatonia ISD,Flatonia,75901,26382830,40652
437,Polygon,438,19140,Fayetteville ISD,Fayetteville,75906,8649023,34322
438,Polygon,439,46410,Woodson ISD,Woodson,224902,0,0
439,Polygon,440,42780,THROCKMORTON COLLEGIATE ISD,Throckmorton,224901,33715113,426774
440,Polygon,441,31970,Munday CISD,Munday Cons,138903,8629700,25014
441,Polygon,442,43920,Van ISD,Van,234906,44301781,22063
442,Polygon,443,29220,Martins Mill ISD,Martins Mill,234905,2190400,5689
443,Polygon,444,27510,Lindale ISD,Lindale,212903,88595653,19727
444,Polygon,445,21450,Grand Saline ISD,Grand Saline,234904,2019624,2071
445,Polygon,446,20070,Fruitvale ISD,Fruitvale,234909,2042475,5920
446,Polygon,447,18720,Eustace ISD,Eustace,107905,64665113,43399
447,Polygon,448,18120,Edgewood ISD (Van Zandt),Edgewood (Van Zandt),234903,57159448,57679
448,Polygon,449,12750,Canton ISD,Canton,234902,103311834,46747
449,Polygon,450,45950,Wills Point ISD,Wills Point,234907,0,0
450,Polygon,451,28680,Mabank ISD,Mabank,129905,44298050,10946
451,Polygon,452,45330,Westphalia ISD,Westphalia,73904,186910,1230
452,Polygon,453,37410,Robinson ISD,Robinson,161922,23974567,10741
453,Polygon,454,37110,Riesel ISD,Riesel,161912,28745019,51793
454,Polygon,455,29190,Mart ISD,Mart,161908,43778658,79309
455,Polygon,456,29130,Marlin ISD,Marlin,73903,47953988,64454
456,Polygon,457,28200,Lorena ISD,Lorena,161907,31932102,16877
457,Polygon,458,21810,Groesbeck ISD,Groesbeck,147902,4117687,3119
458,Polygon,459,42630,Thorndale ISD,Thorndale,166905,326540,642
459,Polygon,460,24600,Jarrell ISD,Jarrell,246907,488697209,105573
460,Polygon,461,21590,Granger ISD,Granger,246905,72720325,124521
461,Polygon,462,45480,White Oak ISD,White Oak,92908,19856480,16196
462,Polygon,463,41190,Spring Hill ISD,Spring Hill,92907,39309996,24723
463,Polygon,464,38460,Sabine ISD,Sabine,92906,21628906,15146
464,Polygon,465,34980,Pine Tree ISD,Pine Tree,92904,128321701,34936
465,Polygon,466,28110,Longview ISD,Longview,92903,476637058,74208
466,Polygon,467,20760,Gladewater ISD,Gladewater,92901,35301443,25452
467,Polygon,468,23140,Higgins ISD,Higgins,148903,0,0
468,Polygon,469,19500,Follett ISD,Follett,148902,657800,5021
469,Polygon,470,16320,Darrouzett ISD,Darrouzett,148905,965000,12697
470,Polygon,471,39780,Seymour ISD,Seymour,12901,1248900,2139
471,Polygon,472,42540,Texhoma ISD,Texhoma,211901,0,0
472,Polygon,473,21930,Gruver ISD,Gruver,98901,33171764,84622
473,Polygon,474,18000,Ector County ISD,Ector County,68901,596523918,20669
474,Polygon,475,43170,Trinidad ISD,Trinidad,107907,396775,1908
475,Polygon,476,32010,Murchison ISD,Murchison,107908,0,0
476,Polygon,477,28780,Malakoff ISD,Malakoff,107906,102078953,79315
477,Polygon,478,15840,Cross Roads ISD,Cross Roads,107904,3846400,6956
478,Polygon,479,38790,San Benito CISD,San Benito Cons,31912,109326757,15061
479,Polygon,480,37170,Rio Hondo ISD,Rio Hondo,31911,35992715,34052
480,Polygon,481,35250,Point Isabel ISD,Point Isabel,31909,59417900,42230
481,Polygon,482,28290,Los Fresnos CISD,Los Fresnos Cons,31906,112355090,12313
482,Polygon,483,22530,Harlingen CISD,Harlingen Cons,31903,127216530,9045
483,Polygon,484,11680,Brownsville ISD,Brownsville,31901,78943385,2777
484,Polygon,485,33720,Orange Grove ISD,Orange Grove,125903,10779009,7839
485,Polygon,486,26070,La Gloria ISD,La Gloria,125906,0,0
486,Polygon,487,9870,Ben Bolt-Palito Blanco ISD,Ben Bolt-Palito Blanco,125902,2145450,7449
487,Polygon,488,7800,Alice ISD,Alice,125901,101698824,26553
488,Polygon,489,6,Aspermont ISD,Aspermont,217901,5935639,38294
489,Polygon,490,35570,Bushland ISD,Bushland,188904,146626375,125429
490,Polygon,491,37260,River Road ISD,River Road,188902,7167725,8827
491,Polygon,492,35560,Highland Park ISD (Potter),Highland Park (Potter),188903,173221994,268561
492,Polygon,493,8130,Amarillo ISD,Amarillo,188901,295156616,11843
493,Polygon,494,26310,La Vernia ISD,La Vernia,247903,71793188,23040
494,Polygon,495,20460,Gary ISD,Gary,183904,7191767,19490
495,Polygon,496,13110,Carthage ISD,Carthage,183902,39480952,17657
496,Polygon,497,9690,Beckville ISD,Beckville,183901,22011250,32755
497,Polygon,498,42360,Tenaha ISD,Tenaha,210904,4065945,10872
498,Polygon,499,24810,Joaquin ISD,Joaquin,210902,10610425,15884
499,Polygon,500,28550,Lufkin ISD,Lufkin,3903,123508589,21771
500,Polygon,501,24000,Huntington ISD,Huntington,3904,12256975,9026
501,Polygon,502,23790,Hudson ISD,Hudson,3902,9148281,3780
502,Polygon,503,13500,Central ISD,Central,3907,10162425,6876
503,Polygon,504,44940,Wells ISD,Wells,37909,2660500,16124
504,Polygon,505,43290,Westwood ISD,Westwood,1908,51380375,44485
505,Polygon,506,40500,Slocum ISD,Slocum,1909,3661178,14528
506,Polygon,507,34050,Palestine ISD,Palestine,1907,65299237,23642
507,Polygon,508,32250,Neches ISD,Neches,1906,2750200,8900
508,Polygon,509,26220,LaPoynor ISD,LaPoynor,107910,0,0
509,Polygon,510,18390,Elkhart ISD,Elkhart,1903,14257564,13605
510,Polygon,511,13200,Cayuga ISD,Cayuga,1902,0,0
511,Polygon,512,8870,Athens ISD,Athens,107901,68286322,28217
512,Polygon,513,30450,Meyersville ISD,Meyersville,62906,0,0
513,Polygon,514,46650,Yorktown ISD,Yorktown,62904,0,0
514,Polygon,515,46620,Yoakum ISD,Yoakum,62903,83183825,64235
515,Polygon,516,45240,Westhoff ISD,Westhoff,62905,0,0
516,Polygon,517,32880,Nordheim ISD,Nordheim,62902,6632000,70553
517,Polygon,518,15960,Cuero ISD,Cuero,62901,51681000,33086
518,Polygon,519,8280,Andrews ISD,Andrews,2901,82742791,20471
519,Polygon,520,14250,Claude ISD,Claude,6902,819600,3488
520,Polygon,521,21840,Groom ISD,Groom,33901,12945900,165973
521,Polygon,522,14160,Clarendon ISD,Clarendon,65901,350993,1020
522,Polygon,523,22350,Happy ISD,Happy,219901,0,0
523,Polygon,524,35370,Port Aransas ISD,Port Aransas,178908,52000063,122642
524,Polygon,525,46080,Windthorst ISD,Windthorst,5904,1202660,2870
525,Polygon,526,33630,Olney ISD,Olney,252903,3365200,5656
526,Polygon,527,24530,Jacksboro ISD,Jacksboro,119902,91919694,89503
527,Polygon,528,40740,Somerset ISD,Somerset,15909,60997666,16193
528,Polygon,529,35520,Poteet ISD,Poteet,7906,92553883,61703
529,Polygon,530,35190,Pleasanton ISD,Pleasanton,7905,54816075,19825
530,Polygon,531,25140,Karnes City ISD,Karnes City,128901,37060697,37817
531,Polygon,532,24960,Jourdanton ISD,Jourdanton,7902,51312349,36034
532,Polygon,533,13710,Charlotte ISD,Charlotte,7901,8317100,18524
533,Polygon,534,28650,Lytle ISD,Lytle,7904,27382580,16426
534,Polygon,535,14700,Columbus ISD,Columbus,45902,23701112,15451
535,Polygon,536,42330,Temple ISD,Temple,14909,464451916,57532
536,Polygon,537,38580,Salado ISD,Salado,14908,276674245,125761
537,Polygon,538,37710,Rogers ISD,Rogers,14907,15823386,19730
538,Polygon,539,23370,Holland ISD,Holland,14905,8912700,14469
539,Polygon,540,9860,Belton ISD,Belton,14903,585286404,45410
540,Polygon,541,7470,Academy ISD,Academy,14901,136218560,82757
541,Polygon,542,19320,Florence ISD,Florence,246902,86768055,83032
542,Polygon,543,9540,Bartlett ISD,Bartlett,14902,42533364,125838
543,Polygon,544,43260,Troy ISD,Troy,14910,38116375,23587
544,Polygon,545,37900,Rosebud-Lott ISD,Rosebud-Lott,73905,19885690,32282
545,Polygon,546,11730,Bruceville-Eddy ISD,Bruceville-Eddy,161919,5445300,9470
546,Polygon,547,31290,Moody ISD,Moody,161910,31153850,44379
547,Polygon,548,26640,Lampasas ISD,Lampasas,141901,24825703,7282
548,Polygon,549,25660,Killeen ISD,Killeen,14906,550874838,14579
549,Polygon,550,20500,Gatesville ISD,Gatesville,50902,21034177,8721
550,Polygon,551,15240,Copperas Cove ISD,Copperas Cove,50910,1859150,270
551,Polygon,552,34410,Pawnee ISD,Pawnee,13902,1228078,3310
552,Polygon,553,42690,Three Rivers ISD,Three Rivers,149902,34060177,67580
553,Polygon,554,40410,Skidmore-Tynan ISD,Skidmore-Tynan,13905,29014312,35513
554,Polygon,555,36780,Refugio ISD,Refugio,196903,29631350,42513
555,Polygon,556,34770,Pettus ISD,Pettus,13903,38397493,132405
556,Polygon,557,29400,Mathis ISD,Mathis,205904,27944271,23133
557,Polygon,558,9720,Beeville ISD,Beeville,13901,86541327,33247
558,Polygon,559,31890,Muleshoe ISD,Muleshoe,9901,29660344,26041
559,Polygon,560,41760,Sudan ISD,Sudan,140908,7260225,18474
560,Polygon,561,19110,Farwell ISD,Farwell,185902,8876191,15993
561,Polygon,562,7980,Alto ISD,Alto,37901,11571678,30776
562,Polygon,563,39450,Savoy ISD,Savoy,74911,0,0
563,Polygon,564,38490,Sabine Pass ISD,Sabine Pass,123913,103789938,333730
564,Polygon,565,35430,Port Neches-Groves ISD,Port Neches-Groves,123908,229225110,44141
565,Polygon,566,35400,Port Arthur ISD,Port Arthur,123907,443499497,64192
566,Polygon,567,32280,Nederland ISD,Nederland,123905,190658754,35737
567,Polygon,568,44490,Walnut Bend ISD,Walnut Bend,49908,0,0
568,Polygon,569,21030,Goliad ISD,Goliad,88902,127670675,118543
569,Polygon,570,36210,Queen City ISD,Queen City,34907,981605,1404
570,Polygon,571,29910,McLeod ISD,McLeod,34906,0,0
571,Polygon,572,27540,Linden-Kildare CISD,Linden-Kildare Cons,34905,257286,459
572,Polygon,573,23850,Hughes Springs ISD,Hughes Springs,34903,1022720,1191
573,Polygon,574,10440,Bloomburg ISD,Bloomburg,34909,91136,501
574,Polygon,575,8880,Atlanta ISD,Atlanta,34901,10589023,5902
575,Polygon,576,39030,San Saba ISD,San Saba,206901,2279030,3003
576,Polygon,577,37080,Richland Springs ISD,Richland Springs,206902,3342980,27179
577,Polygon,578,13740,Cherokee ISD,Cherokee,206903,0,0
578,Polygon,579,45690,Whitharral ISD,Whitharral,110908,1442400,9072
579,Polygon,580,41850,Sundown ISD,Sundown,110907,5971650,13359
580,Polygon,581,27240,Levelland ISD,Levelland,110902,45177025,21575
581,Polygon,582,44520,Walnut Springs ISD,Walnut Springs,18905,0,0
582,Polygon,583,21000,GOLDTHWAITE ISD,Goldthwaite Cons,167901,26896600,56864
583,Polygon,584,11550,Brookesmith ISD,Brookesmith,25908,91710,483
584,Polygon,585,40380,Sivells Bend ISD,Sivells Bend,49909,0,0
585,Polygon,586,30360,Irion County ISD,Irion County,118902,0,0
586,Polygon,587,33090,Northside ISD (Wilbarger),Northside (Wilbarger),244905,940749,4680
587,Polygon,588,22620,Harrold ISD,Harrold,244901,17034919,86913
588,Polygon,589,43560,Union Hill ISD,Union Hill,230904,0,0
589,Polygon,590,43530,Union Grove ISD,Union Grove,230908,13989025,22100
590,Polygon,591,22560,Harmony ISD,Harmony,230905,15966023,19471
591,Polygon,592,10140,Big Sandy ISD (Upshur),Big Sandy (Upshur),230901,7672034,12787
592,Polygon,593,31860,Muenster ISD,Muenster,49902,14040631,29622
593,Polygon,594,27570,Lindsay ISD,Lindsay,49907,27905196,63565
594,Polygon,595,20220,Gainesville ISD,Gainesville,49901,23193488,8248
595,Polygon,596,33980,Paint Rock ISD,Paint Rock,48903,1604744,5440
596,Polygon,597,9980,Benjamin ISD,Benjamin,138904,23445150,360695
597,Polygon,598,23190,Highland ISD,Highland,177905,5848500,32492
598,Polygon,599,31950,Mumford ISD,Mumford,198906,0,0
599,Polygon,600,22830,Hearne ISD,Hearne,198905,9351873,14522
600,Polygon,601,19740,Franklin ISD,Franklin,198903,31694738,24250
601,Polygon,602,12540,Calvert ISD,Calvert,198902,11978900,62717
602,Polygon,603,27180,Leon ISD,Leon,145911,10710288,15938
603,Polygon,604,41610,Stockdale ISD,Stockdale,247906,13208269,17334
604,Polygon,605,35550,Poth ISD,Poth,247904,15405510,16892
605,Polygon,606,19020,Falls City ISD,Falls City,128904,19027100,43145
606,Polygon,607,33900,Paducah ISD,Paducah,51901,0,0
607,Polygon,608,12480,Calhoun County ISD,Calhoun County,29901,27370500,8604
608,Polygon,609,20550,George West ISD,George West,149901,34992400,39450
609,Polygon,610,41670,Stratford ISD,Stratford,211902,4753792,12610
610,Polygon,611,34650,Perryton ISD,Perryton,179901,62498742,43162
611,Polygon,612,27990,London ISD,London,178906,142678396,70181
612,Polygon,613,44250,Vysehrad ISD,Vysehrad,143904,0,0
613,Polygon,614,10620,Bluff Dale ISD,Bluff Dale,72904,7095610,47622
614,Polygon,615,11190,Brazosport ISD,Brazosport,20905,395407400,43337
615,Polygon,616,20280,Galveston ISD,Galveston,84902,512284137,93041
616,Polygon,617,34470,Pearsall ISD,Pearsall,82903,13360500,7929
617,Polygon,618,16950,Devine ISD,Devine,163901,31927141,18234
618,Polygon,619,42930,Tom Bean ISD,Tom Bean,91918,12715255,20542
619,Polygon,620,23670,Howe ISD,Howe,91905,27858100,23892
620,Polygon,621,37020,Richardson ISD,Richardson,57916,1554598921,47790
621,Polygon,622,30390,Mesquite ISD,Mesquite,57914,980243010,28825
622,Polygon,623,19560,Forney ISD,Forney,129902,2060309621,114627
623,Polygon,624,15510,Crandall ISD,Crandall,129901,408729219,57869
624,Polygon,625,41880,Sunnyvale ISD,Sunnyvale,57919,119673011,47869
625,Polygon,626,32730,Newton ISD,Newton,176902,44858750,57218
626,Polygon,627,22890,Hemphill ISD,Hemphill,202903,0,0
627,Polygon,628,12150,Burkeville ISD,Burkeville,176901,9079476,32897
628,Polygon,629,11430,Broaddus ISD,Broaddus,203902,28414065,89352
629,Polygon,630,45180,West Sabine ISD,West Sabine,202905,10287664,21300
630,Polygon,631,11520,Brookeland ISD,Brookeland,121902,0,0
631,Polygon,632,18660,Etoile ISD,Etoile,174910,0,0
632,Polygon,633,13980,Chireno ISD,Chireno,174901,520917,2412
633,Polygon,634,38760,San Augustine ISD,San Augustine,203901,47487185,111735
634,Polygon,635,30060,Medina Valley ISD,Medina Valley,163908,970063989,91680
635,Polygon,636,40950,Southwest ISD,Southwest,15912,655333763,46271
636,Polygon,637,27630,Lipan ISD,Lipan,111902,25279885,69834
637,Polygon,638,44800,Weatherford ISD,Weatherford,184903,178505350,25388
638,Polygon,639,11460,Brock ISD,Brock,184909,198704706,88787
639,Polygon,640,42900,Tolar ISD,Tolar,111903,11642362,13230
640,Polygon,641,19700,Fort Worth ISD,Fort Worth,220905,2468824288,42478
641,Polygon,642,7780,Aledo ISD,Aledo,184907,608932579,73163
642,Polygon,643,15910,Crowley ISD,Crowley,220912,2179184761,139085
643,Polygon,644,36450,Randolph Field ISD,Randolph Field,15906,2698764,1823
644,Polygon,645,40920,Southside ISD,Southside,15917,110211852,18728
645,Polygon,646,22470,Harlandale ISD,Harlandale,15904,334877632,35599
646,Polygon,647,17850,East Central ISD,East Central,15911,429879492,39778
647,Polygon,648,20160,Fort Sam Houston ISD,Fort Sam Houston,15914,0,0
648,Polygon,649,7590,Alamo Heights ISD,Alamo Heights,15901,303108369,73073
649,Polygon,650,18150,Edgewood ISD (Bexar),Edgewood (Bexar),15905,51615514,9207
650,Polygon,651,40680,South San Antonio ISD,South San Antonio,15908,179572217,31760
651,Polygon,652,38730,San Antonio ISD,San Antonio,15907,2145921769,58201
652,Polygon,653,26370,Lackland ISD,Lackland,15913,0,0
653,Polygon,654,33120,Northside ISD (Bexar),Northside (Bexar),15915,4052868887,48066
654,Polygon,655,44310,Waelder ISD,Waelder,89905,9858262,37342
655,Polygon,656,21060,Gonzales ISD,Gonzales,89901,107792446,50441
656,Polygon,657,35700,Prairie Lea ISD,Prairie Lea,28906,0,0
657,Polygon,658,28590,Luling ISD,Luling,28903,41518777,31477
658,Polygon,659,40550,Smithville ISD,Smithville,11904,50740050,33714
659,Polygon,660,16890,Detroit ISD,Detroit,194905,4620650,11270
660,Polygon,661,21720,Greenville ISD,Greenville,116905,89502090,19157
661,Polygon,662,13260,Celeste ISD,Celeste,116902,6445550,14012
662,Polygon,663,12390,Caddo Mills ISD,Caddo Mills,116901,327892857,98289
663,Polygon,664,38220,Royse City ISD,Royse City,199902,1171067175,105123
664,Polygon,665,10350,Bland ISD,Bland,116915,17490418,23992
665,Polygon,666,19080,Farmersville ISD,Farmersville,43904,91167475,37829
666,Polygon,667,14310,Cleburne ISD,Cleburne,126903,246985425,43862
667,Polygon,668,25230,Keene ISD,Keene,126906,11732474,11491
668,Polygon,669,24930,Joshua ISD,Joshua,126905,117907129,20649
669,Polygon,670,21390,Granbury ISD,Granbury,111901,98972410,13944
670,Polygon,671,20960,Godley ISD,Godley,126911,398390938,126634
671,Polygon,672,11,Alvarado ISD,Alvarado,126901,311089653,91122
672,Polygon,673,20850,Glen Rose ISD,Glen Rose,213901,43828250,20095
673,Polygon,674,46530,Wylie ISD (Collin),Wylie (Collin),43914,1182735495,62390
674,Polygon,675,37650,Rockwall ISD,Rockwall,199901,1651312959,92237
675,Polygon,676,20340,Garland ISD,Garland,57909,1757999898,40203
676,Polygon,677,14850,Community ISD,Community,43918,650206157,105075
677,Polygon,678,35850,Princeton ISD,Princeton,43911,1003682056,95671
678,Polygon,679,28380,Lovejoy ISD,Lovejoy,43919,178218263,54418
679,Polygon,680,12990,Carrizo Springs CISD,Carrizo Springs Cons,64903,189663288,120651
680,Polygon,681,17730,Eagle Pass ISD,Eagle Pass,159901,75365071,6149
681,Polygon,682,46710,Zapata County ISD,Zapata County,253901,18782369,6166
682,Polygon,683,26790,Laredo ISD,Laredo,240901,309019231,18034
683,Polygon,684,46680,Ysleta ISD,Ysleta,71905,1583163056,55706
684,Polygon,685,18300,El Paso ISD,El Paso,71902,1359117292,34630
685,Polygon,686,43140,Trenton ISD,Trenton,74912,94733076,141816
686,Polygon,687,15150,Cooper ISD,Cooper,60902,8614055,10959
687,Polygon,688,36420,Ramirez CSD,Ramirez CSD,66005,0,0
688,Polygon,689,34290,Paris ISD,Paris,139909,59439501,16992
689,Polygon,690,38820,San Diego ISD,San Diego,66902,39061766,30327
690,Polygon,691,35760,Premont ISD,Premont,125905,21447922,29789
691,Polygon,692,12,Chisum ISD,Chisum,139905,75591600,69927
692,Polygon,693,38640,Sam Rayburn ISD,Sam Rayburn,74917,4334291,12823
693,Polygon,694,23460,Honey Grove ISD,Honey Grove,74907,8298525,14432
694,Polygon,695,18030,Ector ISD,Ector,74905,958888,3805
695,Polygon,696,17280,Dodd City ISD,Dodd City,74904,4359650,16267
696,Polygon,697,10800,Bonham ISD,Bonham,74903,147155488,80106
697,Polygon,698,24750,Jim Hogg County ISD,Jim Hogg County,124901,16338328,24098
698,Polygon,699,35740,Prairiland ISD,Prairiland,139912,37589578,34741
699,Polygon,700,33010,North Lamar ISD,North Lamar,139911,73049306,36506
700,Polygon,701,19820,Freer ISD,Freer,66903,28633351,47094
701,Polygon,702,15400,Cotulla ISD,Cotulla,142901,90649375,90198
702,Polygon,703,29940,McMullen County ISD,McMullen County,162904,7307732,30834
703,Polygon,704,44810,Webb CISD,Webb Cons,240904,27811381,104554
704,Polygon,705,99130,Benavides ISD,Benavides,66901,3725015,21286
705,Polygon,706,43650,United ISD,United,240903,635506047,17096
706,Polygon,707,14450,Clyde CISD,Clyde Cons,30902,20622813,16932
707,Polygon,708,22800,Hawley ISD,Hawley,127904,4378775,5687
708,Polygon,709,7440,Abilene ISD,Abilene,221901,270410610,23804
709,Polygon,710,33210,Coleman ISD,Coleman,42901,0,0
710,Polygon,711,24780,Jim Ned CISD,Jim Ned Cons,221911,83208482,56875
711,Polygon,712,9280,Baird ISD,Baird,30903,31955258,96834
712,Polygon,713,18690,Eula ISD,Eula,30906,41616793,95671
713,Polygon,714,28530,Lueders-Avoca ISD,Lueders-Avoca,127905,675852,5981
714,Polygon,715,31320,Moran ISD,Moran,209902,0,0
715,Polygon,716,7680,Albany ISD,Albany,209901,651879,1563
716,Polygon,717,46500,Wylie ISD (Taylor),Wylie (Taylor),221912,393306835,74097
717,Polygon,718,25920,Kountze ISD,Kountze,100903,9821899,10178
718,Polygon,719,13530,Lumberton ISD,Lumberton,100907,89287681,23509
719,Polygon,720,17880,East Chambers ISD,East Chambers,36903,26806811,18772
720,Polygon,721,22320,Hamshire-Fannett ISD,Hamshire-Fannett,123914,73179481,39989
721,Polygon,722,9670,Beaumont ISD,Beaumont,123910,292643146,20990
722,Polygon,723,17130,Dime Box ISD,Dime Box,144903,3816800,36008
723,Polygon,724,12240,Burton ISD,Burton,239903,66728291,104100
724,Polygon,725,38100,Round Top-Carmine ISD,Round Top-Carmine,75908,962263,4811
725,Polygon,726,20640,Giddings ISD,Giddings,144901,29672800,18768
726,Polygon,727,9810,Bellville ISD,Bellville,8901,108037492,50250
727,Polygon,728,40620,Snook ISD,Snook,26903,18713027,32153
728,Polygon,729,40770,Somerville ISD,Somerville,26902,13699283,30647
729,Polygon,730,12460,Caldwell ISD,Caldwell,26901,45308600,25905
730,Polygon,731,11790,Bryan ISD,Bryan,21902,352678828,24879
731,Polygon,732,7350,College Station ISD,College Station,21901,557061275,42861
732,Polygon,733,11280,Brenham ISD,Brenham,239901,39689432,9477
733,Polygon,734,8340,Anna ISD,Anna,43902,567413494,89455
734,Polygon,735,45670,Whitewright ISD,Whitewright,91910,26762525,40244
735,Polygon,736,43890,Van Alstyne ISD,Van Alstyne,91908,284545955,108605
736,Polygon,737,30120,Melissa ISD,Melissa,43908,632308097,64383
737,Polygon,738,10590,Blue Ridge ISD,Blue Ridge,43917,48696188,49945
738,Polygon,739,17070,Dickinson ISD,Dickinson,84901,673519059,56310
739,Polygon,740,22920,Hempstead ISD,Hempstead,237902,31873882,23698
740,Polygon,741,32190,Navasota ISD,Navasota,93904,87118680,29979
741,Polygon,742,14280,Clear Creek ISD,Clear Creek,84910,1475001079,41478
742,Polygon,743,20250,Galena Park ISD,Galena Park,101910,479300607,25375
743,Polygon,744,34320,Pasadena ISD,Pasadena,101917,1369447833,35062
744,Polygon,745,7710,Aldine ISD,Aldine,101902,1984293497,43505
745,Polygon,746,41220,Spring ISD,Spring,101919,1220529174,42246
746,Polygon,747,21150,Goose Creek CISD,Goose Creek Cons,101911,871479206,41535
747,Polygon,748,39990,Sheldon ISD,Sheldon,101924,644407500,62998
748,Polygon,749,16530,Deer Park ISD,Deer Park,101908,549627516,50355
749,Polygon,750,13590,Channelview ISD,Channelview,101905,343819365,41986
750,Polygon,751,26190,La Porte ISD,La Porte,101916,516423480,78988
751,Polygon,752,9450,Barbers Hill ISD,Barbers Hill,36902,562092566,71723
752,Polygon,753,23820,Huffman ISD,Huffman,101925,174248055,55055
753,Polygon,754,15750,Crosby ISD,Crosby,101906,308279152,46937
754,Polygon,755,14370,Cleveland ISD,Cleveland,146901,552185313,45855
755,Polygon,756,32400,New Caney ISD,New Caney,170908,1611334927,84226
756,Polygon,757,23910,Humble ISD,Humble,101913,1792882615,41754
757,Polygon,758,42960,Tomball ISD,Tomball,101921,1288234934,55901
758,Polygon,759,25740,Klein ISD,Klein,101915,1997027424,42888
759,Polygon,760,28740,Magnolia ISD,Magnolia,170906,443399077,30721
760,Polygon,761,15000,Conroe ISD,Conroe,170902,3046297065,44278
761,Polygon,762,36970,Rice CISD,Rice Cons,45903,32854537,26668
762,Polygon,763,16260,Damon ISD,Damon,20910,992513,11816
763,Polygon,764,14670,Columbia-Brazoria ISD,Columbia-Brazoria,20907,180576040,68791
764,Polygon,765,44430,Waller ISD,Waller,237904,1164517380,118647
765,Polygon,766,41100,Spring Branch ISD,Spring Branch,101920,1617634026,54648
766,Polygon,767,16110,Cypress-Fairbanks ISD,Cypress-Fairbanks,101907,4764461549,44565
767,Polygon,768,41350,Stafford MSD,Stafford MSD,79910,142543810,55421
768,Polygon,769,7830,Alief ISD,Alief,101903,497537161,15025
769,Polygon,770,26580,Lamar CISD,Lamar Cons,79901,5834636522,120913
770,Polygon,771,10780,Boling ISD,Boling,241901,0,0
771,Polygon,772,17830,East Bernard ISD,East Bernard,241902,29922275,29597
772,Polygon,773,38190,Royal ISD,Royal,237905,227853948,86505
773,Polygon,774,25170,Katy ISD,Katy,101914,3749194192,39523
774,Polygon,775,44470,Brazos ISD,Brazos,8903,13791582,16187
775,Polygon,776,39630,Sealy ISD,Sealy,8902,61407475,20394
776,Polygon,777,32310,Needville ISD,Needville,79906,225414419,65872
777,Polygon,778,8090,Alvin ISD,Alvin,20901,1340018031,45480
778,Polygon,779,34440,Pearland ISD,Pearland,20908,526941944,27481
779,Polygon,780,16290,Danbury ISD,Danbury,20904,26902983,60186
780,Polygon,781,8310,Angleton ISD,Angleton,20902,414169070,61186
781,Polygon,782,23640,Houston ISD,Houston,101912,2573202694,17254
782,Polygon,783,39270,Santa Fe ISD,Santa Fe,84909,104136535,26661
783,Polygon,784,23310,Hitchcock ISD,Hitchcock,84908,96649148,55673
784,Polygon,785,19950,Friendswood ISD,Friendswood,84911,247232075,42472
785,Polygon,786,19650,Fort Bend ISD,Fort Bend,79907,2709811538,36196
786,Polygon,787,44580,Warren ISD,Warren,229904,23158990,24690
787,Polygon,788,41340,Spurger ISD,Spurger,229905,1272100,3374
788,Polygon,789,25710,Kirbyville CISD,Kirbyville Cons,121905,23437943,19913
789,Polygon,790,24630,Jasper ISD,Jasper,121904,30763050,16810
790,Polygon,791,33690,Onalaska ISD,Onalaska,187910,11240025,10190
791,Polygon,792,21090,Goodrich ISD,Goodrich,187903,2934769,9848
792,Polygon,793,10170,Big Sandy ISD (Polk),Big Sandy (Polk),187901,19417043,42488
793,Polygon,794,40020,Shepherd ISD,Shepherd,204904,21331924,12402
794,Polygon,795,14520,Coldspring-Oakhurst CISD,Coldspring-Oakhurst Cons,204901,18838500,12992
795,Polygon,796,13380,Centerville ISD (Trinity),Centerville (Trinity),228904,0,0
796,Polygon,797,21900,Groveton ISD,Groveton,228901,0,0
797,Polygon,798,27780,Livingston ISD,Livingston,187907,59572940,16425
798,Polygon,799,13770,Chester ISD,Chester,229906,9709125,84427
799,Polygon,800,17040,Diboll ISD,Diboll,3905,25283306,18953
800,Polygon,801,27120,Leggett ISD,Leggett,187906,2687138,18924
801,Polygon,802,15300,Corrigan-Camden ISD,Corrigan-Camden,187904,26147225,33608
802,Polygon,803,14600,Colmesneil ISD,Colmesneil,229901,728882,2836
803,Polygon,804,46440,Woodville ISD,Woodville,229903,88239795,90410
804,Polygon,805,46740,Zavalla ISD,Zavalla,3906,5454029,19204
805,Polygon,806,27810,Llano ISD,Llano,150901,65602130,40173
806,Polygon,807,27420,Liberty Hill ISD,Liberty Hill,246908,1486309359,127756
807,Polygon,808,12220,Burnet CISD,Burnet Cons,27903,67284679,22609
808,Polygon,809,20600,Georgetown ISD,Georgetown,246904,1431282178,106518
809,Polygon,810,27870,Lockhart ISD,Lockhart,28902,186515612,29262
810,Polygon,811,10,Hays CISD,Hays Cons,105906,1372668809,57257
811,Polygon,812,42660,Thrall ISD,Thrall,246912,94095042,100208
812,Polygon,813,27330,Lexington ISD,Lexington,144902,10014848,11741
813,Polygon,814,29760,McDade ISD,McDade,11905,9287963,27643
814,Polygon,815,9570,Bastrop ISD,Bastrop,11901,813244713,62901
815,Polygon,816,16620,Del Valle ISD,Del Valle,227910,918946900,90465
816,Polygon,817,34830,Pflugerville ISD,Pflugerville,227904,1123590761,50950
817,Polygon,818,28890,Manor ISD,Manor,227907,740177878,78004
818,Polygon,819,15420,Coupland ISD,Coupland,246914,47570600,158042
819,Polygon,820,42280,Taylor ISD,Taylor,246911,206317248,88434
820,Polygon,821,18360,Elgin ISD,Elgin,11902,580446597,101423
821,Polygon,822,38080,Round Rock ISD,Round Rock,246909,867463718,32732
822,Polygon,823,24100,Hutto ISD,Hutto,246906,1196382928,111968
823,Polygon,824,26470,Lake Travis ISD,Lake Travis,227913,887072288,88222
824,Polygon,825,17760,Eanes ISD,Eanes,227909,202390117,28466
825,Polygon,826,8940,Austin ISD,Austin,227901,3687889911,59534
826,Polygon,827,8,Dripping Springs ISD,Dripping Springs,105904,517972723,63821
827,Polygon,828,29010,Marble Falls ISD,Marble Falls,27904,90008894,25462
828,Polygon,829,27030,Leander ISD,Leander,246913,2661959899,69398
829,Polygon,830,26400,Lago Vista ISD,Lago Vista,227912,112250400,61812
830,Polygon,831,24840,Johnson City ISD,Johnson City,16901,107840614,180638
831,Polygon,832,45150,WEST RUSK COUNTY CONSOLIDATED ISD,West Rusk County Cons,201914,0,0
832,Polygon,833,12870,Carlisle ISD,Carlisle,201913,9834896,19134
833,Polygon,834,8730,Arp ISD,Arp,212901,19455267,20741
834,Polygon,835,32610,New Summerfield ISD,New Summerfield,37908,9323387,21835
835,Polygon,836,12060,Bullard ISD,Bullard,212902,263299468,96306
836,Polygon,837,45600,Whitehouse ISD,Whitehouse,212906,143283200,36119
837,Polygon,838,43470,Tyler ISD,Tyler,212905,579122030,35748
838,Polygon,839,11640,Brownsboro ISD,Brownsboro,107902,51913361,22829
839,Polygon,840,19770,Frankston ISD,Frankston,1904,13942725,18322
840,Polygon,841,43230,Troup ISD,Troup,212904,5433763,5862
841,Polygon,842,24590,Jacksonville ISD,Jacksonville,37904,86113935,20064
842,Polygon,843,16410,Dayton ISD,Dayton,146902,92936388,18287
843,Polygon,844,8190,Anahuac ISD,Anahuac,36901,98722992,65207
844,Polygon,845,23880,Hull-Daisetta ISD,Hull-Daisetta,146905,378047,1093
845,Polygon,846,27450,Liberty ISD,Liberty,146906,45475222,19261
846,Polygon,847,22380,Hardin ISD,Hardin,146904,21826255,24278
847,Polygon,848,16920,Devers ISD,Devers,146903,0,0
848,Polygon,849,45000,West Hardin County CISD,West Hardin County Cons,100908,1922170,4782
849,Polygon,850,22410,Hardin-Jefferson ISD,Hardin-Jefferson,100905,60803986,22833
850,Polygon,851,13960,China Spring ISD,China Spring,161920,112748970,38547
851,Polygon,852,43760,Valley Mills ISD,Valley Mills,18904,19485266,29794
852,Polygon,853,37200,Rio Vista ISD,Rio Vista,126907,29638641,30906
853,Polygon,854,24450,Italy ISD,Italy,70907,16976994,32838
854,Polygon,855,9030,Avalon ISD,Avalon,70901,601200,1652
855,Polygon,856,10470,Blooming Grove ISD,Blooming Grove,175902,328800,363
856,Polygon,857,20040,Frost ISD,Frost,175905,7143500,16347
857,Polygon,858,24480,Itasca ISD,Itasca,109907,10947613,16842
858,Polygon,859,30780,Milford ISD,Milford,70909,0,0
859,Polygon,860,29580,Maypearl ISD,Maypearl,70915,70554510,64610
860,Polygon,861,15480,Covington ISD,Covington,109903,17862302,54625
861,Polygon,862,21540,Grandview ISD,Grandview,126904,17916875,13431
862,Polygon,863,45720,Whitney ISD,Whitney,109911,41797413,35302
863,Polygon,864,10650,Blum ISD,Blum,109913,6206600,23872
864,Polygon,865,31380,Morgan ISD,Morgan,18903,0,0
865,Polygon,866,30300,Meridian ISD,Meridian,18902,6638341,24586
866,Polygon,867,14400,Clifton ISD,Clifton,18901,23831381,25819
867,Polygon,868,25890,Kopperl ISD,Kopperl,18907,0,0
868,Polygon,869,16380,Dawson ISD (Navarro),Dawson (Navarro),175904,35705471,315978
869,Polygon,870,28800,Malone ISD,Malone,109908,695260,13905
870,Polygon,871,15120,Coolidge ISD,Coolidge,147901,10863446,39218
871,Polygon,872,23730,Hubbard ISD (Hill),Hubbard (Hill),109905,8091798,23119
872,Polygon,873,12360,Bynum ISD,Bynum,109902,1006270,6136
873,Polygon,874,23280,Hillsboro ISD,Hillsboro,109904,45316464,26547
874,Polygon,875,3,Rocksprings ISD,Rocksprings,69901,15675750,113592
875,Polygon,876,27000,Leakey ISD,Leakey,193902,4648350,13712
876,Polygon,877,29280,Mason ISD,Mason,157901,2570775,4017
877,Polygon,878,17400,DOSS CONSOLIDATED CSD,Doss Cons CSD,86024,0,0
878,Polygon,879,25020,Junction ISD,Junction,134901,0,0
879,Polygon,880,16140,D'Hanis ISD,D'Hanis,163902,4154346,17455
880,Polygon,881,43680,Utopia ISD,Utopia,232904,0,0
881,Polygon,882,23430,Hondo ISD,Hondo,163904,37871527,24386
882,Polygon,883,17190,Divide ISD,Divide,133905,0,0
883,Polygon,884,9360,Bandera ISD,Bandera,10902,11554225,5806
884,Polygon,885,25590,Kerrville ISD,Kerrville,133903,127338663,33309
885,Polygon,886,22590,Harper ISD,Harper,86902,0,0
886,Polygon,887,19840,Fredericksburg ISD,Fredericksburg,86901,136997750,53431
887,Polygon,888,24210,Ingram ISD,Ingram,133904,52510214,35697
888,Polygon,889,23970,Hunt ISD,Hunt,133902,5095500,32663
889,Polygon,890,14790,Comfort ISD,Comfort,130902,56112588,60078
890,Polygon,891,13350,Center Point ISD,Center Point,133901,1990888,4609
891,Polygon,892,30030,Medina ISD,Medina,10901,5785800,25047
892,Polygon,893,33660,Olton ISD,Olton,140905,0,0
893,Polygon,894,22050,Hale Center ISD,Hale Center,95903,7159838,15332
894,Polygon,895,15360,Cotton Center ISD,Cotton Center,95902,0,0
895,Polygon,896,8460,Anton ISD,Anton,110901,0,0
896,Polygon,897,37830,Ropes ISD,Ropes,110905,11573022,20520
897,Polygon,898,40590,Smyer ISD,Smyer,110906,0,0
898,Polygon,899,7410,Abernathy ISD,Abernathy,95901,18477147,24768
899,Polygon,900,34680,Petersburg ISD,Petersburg,95904,20597743,89946
900,Polygon,901,32490,New Home ISD,New Home,153905,32334931,41830
901,Polygon,902,39870,Shallowater ISD,Shallowater,152909,128324613,89300
902,Polygon,903,32430,New Deal ISD,New Deal,152902,68507316,97036
903,Polygon,904,19830,Frenship ISD,Frenship,152907,678329278,58391
904,Polygon,905,28500,Lubbock ISD,Lubbock,152901,437405129,23120
905,Polygon,906,24120,Idalou ISD,Idalou,152910,12106900,13758
906,Polygon,907,40440,Slaton ISD,Slaton,152903,12390544,11004
907,Polygon,908,45990,Wilson ISD,Wilson,153907,7366185,51512
908,Polygon,909,40890,Southland ISD,Southland,85903,0,0
909,Polygon,910,37800,Roosevelt ISD,Roosevelt,152908,7364900,8266
910,Polygon,911,28230,Lorenzo ISD,Lorenzo,54902,0,0
911,Polygon,912,15180,Lubbock-Cooper ISD,Lubbock-Cooper,152906,846069410,112569
912,Polygon,913,11580,Brooks County ISD,Brooks County,24901,28726996,32314
913,Polygon,914,38910,San Isidro ISD,San Isidro,214902,0,0
914,Polygon,915,36540,Raymondville ISD,Raymondville,245903,16488893,10993
915,Polygon,916,25410,KENEDY COUNTY WIDE CSD,Kenedy County-Wide CSD,131001,1671500,11939
916,Polygon,917,26850,Lasara ISD,Lasara,245901,5027175,18083
917,Polygon,918,26130,La Joya ISD,La Joya,108912,225214684,12383
918,Polygon,919,37140,Rio Grande City CISD,Rio Grande City Cons,214901,0,0
919,Polygon,920,31230,Monte Alto ISD,Monte Alto,108915,12033863,20571
920,Polygon,921,28620,Lyford CISD,Lyford Cons,245902,32532225,26666
921,Polygon,922,39360,Santa Rosa ISD,Santa Rosa,31914,19577450,25491
922,Polygon,923,31040,Mission CISD,Mission Cons,108908,114480691,8393
923,Polygon,924,29670,McAllen ISD,McAllen,108906,84211555,4952
924,Polygon,925,43800,Valley View ISD (Hidalgo),Valley View (Hidalgo),108916,37463694,14437
925,Polygon,926,39930,Sharyland ISD,Sharyland,108911,98140068,11157
926,Polygon,927,34860,Pharr-San Juan-Alamo ISD,Pharr-San Juan-Alamo,108909,282965921,11213
927,Polygon,928,23100,Hidalgo ISD,Hidalgo,108905,30512566,11532
928,Polygon,929,18180,Edinburg CISD,Edinburg Cons,108904,147125175,5246
929,Polygon,930,26340,La Villa ISD,La Villa,108914,10242000,26812
930,Polygon,931,18060,Edcouch-Elsa ISD,Edcouch-Elsa,108903,24313981,6302
931,Polygon,932,39330,Santa Maria ISD,Santa Maria,31913,17452131,42463
932,Polygon,933,26040,La Feria ISD,La Feria,31905,21527447,8790
933,Polygon,934,35910,Progreso ISD,Progreso,108910,33699650,32003
934,Polygon,935,44960,Weslaco ISD,Weslaco,108913,360673082,24840
935,Polygon,936,30250,Mercedes ISD,Mercedes,108907,44475729,13324
936,Polygon,937,17390,Donna ISD,Donna,108902,271007006,25008
937,Polygon,938,24180,Ingleside ISD,Ingleside,205903,70988163,40357
938,Polygon,939,8580,Aransas Pass ISD,Aransas Pass,205901,18107528,12260
939,Polygon,940,8550,Aransas County ISD,Aransas County,4901,126575571,52282
940,Polygon,941,42060,Taft ISD,Taft,205907,36672266,50305
941,Polygon,942,40350,Sinton ISD,Sinton,205906,196630272,112553
942,Polygon,943,33360,Odem-Edroy ISD,Odem-Edroy,205905,66073063,75772
943,Polygon,944,21780,Gregory-Portland ISD,Gregory-Portland,205902,425540294,95670
944,Polygon,945,43350,Tuloso-Midway ISD,Tuloso-Midway,178912,128650813,39355
945,Polygon,946,15270,Corpus Christi ISD,Corpus Christi,178904,1460064683,53610
946,Polygon,947,14730,Comal ISD,Comal,46902,1501153756,52239
947,Polygon,948,39690,Seguin ISD,Seguin,94901,361309076,55424
948,Polygon,949,32160,Navarro ISD,Navarro,94903,328546279,107053
949,Polygon,950,29100,Marion ISD,Marion,94904,178810574,111687
950,Polygon,951,32370,New Braunfels ISD,New Braunfels,46901,796726345,89229
951,Polygon,952,10320,Blanco ISD,Blanco,16902,65510122,61744
952,Polygon,953,39480,Schertz-Cibolo-Universal City ISD,Schertz-Cibolo-Universal City,94902,537163544,42663
953,Polygon,954,10710,Boerne ISD,Boerne,130901,727682649,68546
954,Polygon,955,32940,North East ISD,North East,15910,1580207745,33586
955,Polygon,956,24990,Judson ISD,Judson,15916,1406757753,76255
956,Polygon,957,9,Wimberley ISD,Wimberley,105905,145268458,60554
957,Polygon,958,38970,San Marcos CISD,San Marcos Cons,105902,481555037,65536
958,Polygon,959,45780,Wichita Falls ISD,Wichita Falls,243905,419724789,41561
959,Polygon,960,22980,Henrietta ISD,Henrietta,39902,3696850,4820
960,Polygon,961,34710,Petrolia CISD,Petrolia Cons,39903,2094405,4940
961,Polygon,962,14130,City View ISD,City View,243906,14906350,13157
962,Polygon,963,12120,Burkburnett ISD,Burkburnett,243901,43507685,14659
963,Polygon,964,24260,Iowa Park CISD,Iowa Park Cons,243903,33158465,17415
964,Polygon,965,23400,Holliday ISD,Holliday,5902,74089781,69699
965,Polygon,966,8610,Archer City ISD,Archer City,5901,17613600,33938
966,Polygon,967,45040,West ISD,West,161916,28666776,25641
967,Polygon,968,31620,Mount Calm ISD,Mount Calm,109910,14369367,114955
968,Polygon,969,9150,Axtell ISD,Axtell,161918,3430761,4251
969,Polygon,970,26280,La Vega ISD,La Vega,161906,38794391,14299
970,Polygon,971,14970,Connally ISD,Connally,161921,7590350,3632
971,Polygon,972,34560,Penelope ISD,Penelope,109914,0,0
972,Polygon,973,8520,Aquilla ISD,Aquilla,109912,16889945,58241
973,Polygon,974,7380,Abbott ISD,Abbott,109901,19485245,82916
974,Polygon,975,20610,Gholson ISD,Gholson,161925,0,0
975,Polygon,976,31760,Mount Pleasant ISD,Mount Pleasant,225902,105134736,23168
976,Polygon,977,16180,Daingerfield-Lone Star ISD,Daingerfield-Lone Star,172902,6002228,6385
977,Polygon,978,13680,Chapel Hill ISD (Titus),Chapel Hill (Titus),225906,1449844,2132
978,Polygon,979,34800,Pewitt CISD,Pewitt Cons,172905,29489725,37235
979,Polygon,980,9060,Avery ISD,Avery,194902,183516,749
980,Polygon,981,35010,Pittsburg ISD,Pittsburg,32902,15388088,7961
981,Polygon,982,22710,Harts Bluff ISD,Harts Bluff,225907,855682,1015
982,Polygon,983,31770,Mount Vernon ISD,Mount Vernon,80901,121811194,90364
983,Polygon,984,42120,Rivercrest ISD,Rivercrest,194903,6051273,9367
984,Polygon,985,14190,Clarksville ISD,Clarksville,194904,24620300,53291
985,Polygon,986,24420,Irving ISD,Irving,57912,818126858,27575
986,Polygon,987,16230,Dallas ISD,Dallas,57905,5897722031,48868
987,Polygon,988,42870,Tioga ISD,Tioga,91907,49224726,84145
988,Polygon,989,12510,Callisburg ISD,Callisburg,49905,15978368,14836
989,Polygon,990,21960,Gunter ISD,Gunter,91917,155232801,151152
990,Polygon,991,13290,Celina ISD,Celina,43903,660095626,99248
991,Polygon,992,7890,Allen ISD,Allen,43901,874164376,47385
992,Polygon,993,29850,McKinney ISD,McKinney,43907,607265463,28962
993,Polygon,994,19530,Forestburg ISD,Forestburg,169910,0,0
994,Polygon,995,8100,Alvord ISD,Alvord,249901,6725369,7848
995,Polygon,996,15210,Coppell ISD,Coppell,57922,618768166,49609
996,Polygon,997,13050,Carrollton-Farmers Branch ISD,Carrollton-Farmers Branch,57903,1039678832,49044
997,Polygon,998,35100,Plano ISD,Plano,43910,1248067189,30932
998,Polygon,999,25260,Keller ISD,Keller,220907,1073853729,37270
999,Polygon,1000,17700,Eagle Mountain-Saginaw ISD,Eagle Mountain-Saginaw,220918,0,0
1000,Polygon,1001,13020,Carroll ISD,Carroll,220919,353654696,50754
1001,Polygon,1002,9200,Azle ISD,Azle,220915,456583750,67893
1002,Polygon,1003,11010,Boyd ISD,Boyd,249902,19632975,15459
1003,Polygon,1004,21660,Grapevine-Colleyville ISD,Grapevine-Colleyville,220906,363451213,30144
1004,Polygon,1005,26430,Lake Dallas ISD,Lake Dallas,61912,277738894,86631
1005,Polygon,1006,8670,Argyle ISD,Argyle,61910,675194063,102395
1006,Polygon,1007,8910,Aubrey ISD,Aubrey,61907,607270587,115101
1007,Polygon,1008,27720,Little Elm ISD,Little Elm,61914,1073645171,149574
1008,Polygon,1009,27300,Lewisville ISD,Lewisville,61902,2022913789,46707
1009,Polygon,1010,36000,Prosper ISD,Prosper,43912,3272349782,83412
1010,Polygon,1011,20010,Frisco ISD,Frisco,43905,3292640828,54872
1011,Polygon,1012,39180,Sanger ISD,Sanger,61908,259616938,98639
1012,Polygon,1013,40470,Slidell ISD,Slidell,249908,47022173,74285
1013,Polygon,1014,43860,Valley View ISD (Cooke),Valley View (Cooke),49903,13514691,17086
1014,Polygon,1015,18600,Era ISD,Era,49906,3550950,9419
1015,Polygon,1016,34920,Pilot Point ISD,Pilot Point,61903,64888375,42662
1016,Polygon,1017,35310,Ponder ISD,Ponder,61906,101743863,60346
1017,Polygon,1018,33180,Northwest ISD,Northwest,61911,3727882154,118832
1018,Polygon,1019,16500,Decatur ISD,Decatur,249905,65977241,19052
1019,Polygon,1020,25980,Krum ISD,Krum,61905,233662190,84538
1020,Polygon,1021,16740,Denton ISD,Denton,61901,3526114238,119485
